[
    {
        "id": "1",
        "img": "Sweater1.jpg",
        "categoryId": "Sweater",
        "title": "Sweater 1",
        "name": "Sweater",
        "price": 999.00,
        "listPrice": 1500.00,
        "off":33,
        "ShortDescription": "Sweater H&M T:L",
        "description": "piece of clothing, typically with long sleeves, made of knitted or crocheted material, that covers the upper part of the body",        
        "stock": 10
    },
    {
        "id": "2",
        "img": "Sweater2.jpg",
        "categoryId": "Sweater",
        "title": "Sweater 2",
        "name": "Sweater",
        "price": 999.00,
        "listPrice": 1500.00,
        "off":33,
        "ShortDescription": "Sweater H&M T:L",
        "description": "piece of clothing, typically with long sleeves, made of knitted or crocheted material, that covers the upper part of the body",        
        "stock": 10
    },
    {
        "id": "3",
        "img": "Sweater3.jpg",
        "categoryId": "Sweater",
        "title": "Sweater 3",
        "name": "Sweater",
        "price": 960.00,
        "listPrice": 1200.00,
        "off":20,
        "ShortDescription": "Sweater H&M T:L",
        "description": "piece of clothing, typically with long sleeves, made of knitted or crocheted material, that covers the upper part of the body",        
        "stock": 10
    },
    {
        "id": "4",
        "img": "Sweater4.jpg",
        "categoryId": "Sweater",
        "title": "Sweater 4",
        "name": "Sweater",
        "price": 960.00,
        "listPrice": 1200.00,
        "off":20,
        "ShortDescription": "Sweater H&M T:L",
        "description": "piece of clothing, typically with long sleeves, made of knitted or crocheted material, that covers the upper part of the body",        
        "stock": 10
    },
    {
        "id": "5",
        "img": "Sweater5.jpg",
        "categoryId": "Sweater",
        "title": "Sweater 5",
        "name": "Sweater",
        "price": 1500.00,
        "listPrice": 2000.00,
        "off":25,
        "ShortDescription": "Sweater H&M T:L",
        "description": "piece of clothing, typically with long sleeves, made of knitted or crocheted material, that covers the upper part of the body",        
        "stock": 10
    },
    {
        "id": "6",
        "img": "Sweater6.jpg",
        "categoryId": "Sweater",
        "title": "Sweater 6",
        "name": "Sweater",
        "price": 1500.00,
        "listPrice": 2000.00,
        "off":25,
        "ShortDescription": "Sweater H&M T:L",
        "description": "piece of clothing, typically with long sleeves, made of knitted or crocheted material, that covers the upper part of the body",                
        "stock": 10
    },
    {
        "id": "7",
        "img": "Coat1.jpg",
        "categoryId": "Coat",
        "title": "Coat 1",
        "name": "Coat",
        "price": 5600.00,
        "listPrice": 7000.00,
        "off":20,
        "ShortDescription": "Coat H&M T:L",
        "description": "piece of clothing, typically with long sleeves, made of knitted or crocheted material, that covers the upper part of the body",        
        "stock": 10
    },
    {
        "id": "8",
        "img": "Coat2.jpg",
        "categoryId": "Coat",
        "title": "Coat 2",
        "name": "Coat",
        "price": 5600.00,
        "listPrice": 7000.00,
        "off":20,
        "ShortDescription": "Coat H&M T:L",
        "description": "piece of clothing, typically with long sleeves, made of knitted or crocheted material, that covers the upper part of the body",        
        "stock": 10
    },
    {
        "id": "9",
        "img": "Coat3.jpg",
        "categoryId": "Coat",
        "title": "Coat 3",
        "name": "Coat",
        "price": 5600.00,
        "listPrice": 7000.00,
        "off":20,
        "ShortDescription": "Coat H&M T:L",
        "description": "piece of clothing, typically with long sleeves, made of knitted or crocheted material, that covers the upper part of the body",        
        "stock": 10
    },
    {
        "id": "10",
        "img": "Coat4.jpg",
        "categoryId": "Coat",
        "title": "Coat 4",
        "name": "Coat",
        "price": 5600.00,
        "listPrice": 7000.00,
        "off":20,
        "ShortDescription": "Coat H&M T:L",
        "description": "piece of clothing, typically with long sleeves, made of knitted or crocheted material, that covers the upper part of the body",        
        "stock": 10
    },
    {
        "id": "11",
        "img": "Coat5.jpg",
        "categoryId": "Coat",
        "title": "Coat 5",
        "name": "Coat",
        "price": 5600.00,
        "listPrice": 7000.00,
        "off":20,
        "ShortDescription": "Coat H&M T:L",
        "description": "piece of clothing, typically with long sleeves, made of knitted or crocheted material, that covers the upper part of the body",        
        "stock": 10
    },
    {
        "id": "12",
        "img": "Coat6.jpg",
        "categoryId": "Coat",
        "title": "Coat 6",
        "name": "Coat",
        "price": 5600.00,
        "listPrice": 7000.00,
        "off":20,
        "ShortDescription": "Coat H&M T:L",
        "description": "piece of clothing, typically with long sleeves, made of knitted or crocheted material, that covers the upper part of the body",        
        "stock": 10
    },
    {
        "id": "13",
        "img": "pants1.jpg",
        "categoryId": "Pant",
        "title": "Jean 1",
        "name": "Jean",
        "price": 7000.00,
        "listPrice": "",
        "off": "",
        "ShortDescription": "Jean Zaraza T:L",
        "description": "piece of clothing, typically with long sleeves, made of knitted or crocheted material, that covers the upper part of the body",        
        "stock": 10
    },
    {
        "id": "14",
        "img": "pants2.jpg",
        "categoryId": "Pant",
        "title": "Jean 2",
        "name": "Jean",
        "price": 7000.00,
        "listPrice": "",
        "off": "",
        "ShortDescription": "Jean Zaraza T:L",
        "description": "piece of clothing, typically with long sleeves, made of knitted or crocheted material, that covers the upper part of the body",        
        "stock": 10
    },
    {
        "id": "15",
        "img": "pants3.jpg",
        "categoryId": "Pant",
        "title": "Jean 3",
        "name": "Jean",
        "price": 7000.00,
        "listPrice": "",
        "off": "",
        "ShortDescription": "Jean Zaraza T:L",
        "description": "piece of clothing, typically with long sleeves, made of knitted or crocheted material, that covers the upper part of the body",        
        "stock": 10
    },
    {
        "id": "16",
        "img": "pants4.jpg",
        "categoryId": "Pant",
        "title": "Jean 4",
        "name": "Jean",
        "price": 7000.00,
        "listPrice": "",
        "off": "",
        "ShortDescription": "Jean Zaraza T:L",
        "description": "piece of clothing, typically with long sleeves, made of knitted or crocheted material, that covers the upper part of the body",        
        "stock": 10
    },
    {
        "id": "17",
        "img": "pants5.jpg",
        "categoryId": "Pant",
        "title": "Jean 5",
        "name": "Jean",
        "price": 7000.00,
        "listPrice": "",
        "off": "",
        "ShortDescription": "Jean Zaraza T:L",
        "description": "piece of clothing, typically with long sleeves, made of knitted or crocheted material, that covers the upper part of the body",        
        "stock": 10
    },
    {
        "id": "18",
        "img": "T-Shirt1.jpg",
        "categoryId": "T-shirt",
        "title": "T-Shirt 1",
        "name": "T-Shirt",
        "price": 800.00,
        "listPrice": 1000.00,
        "off":20,
        "ShortDescription": "T-Shirt Acme T:L",
        "description": "piece of clothing, typically with long sleeves, made of knitted or crocheted material, that covers the upper part of the body",        
        "stock": 10
    },
    {
        "id": "19",
        "img": "T-Shirt2.jpg",
        "categoryId": "T-shirt",
        "title": "T-Shirt 2",
        "name": "T-Shirt",
        "price": 800.00,
        "listPrice": 1000.00,
        "off":20,
        "ShortDescription": "T-Shirt Acme T:L",
        "description": "piece of clothing, typically with long sleeves, made of knitted or crocheted material, that covers the upper part of the body",       
        "stock": 10
    },
    {
        "id":20,
        "img": "T-Shirt3.jpg",
        "categoryId": "T-shirt",
        "title": "T-Shirt 3",
        "name": "T-Shirt",
        "price": 800.00,
        "listPrice": 1000.00,
        "off":20,
        "ShortDescription": "T-Shirt Acme T:L",
        "description": "piece of clothing, typically with long sleeves, made of knitted or crocheted material, that covers the upper part of the body",        
        "stock": 10
    },
    {
        "id": "21",
        "img": "T-Shirt4.jpg",
        "categoryId": "T-shirt",
        "title": "T-Shirt 4",
        "name": "T-Shirt",
        "price": 800.00,
        "listPrice": 1000.00,
        "off":20,
        "ShortDescription": "T-Shirt Acme T:L",
        "description": "piece of clothing, typically with long sleeves, made of knitted or crocheted material, that covers the upper part of the body",        
        "stock": 10
    }
]